"('REF_DATE', '')",Alberta-Participation rate,Alberta-Population,Alberta-Unemployment rate,British Columbia-Participation rate,British Columbia-Population,British Columbia-Unemployment rate,Canada-Participation rate,Canada-Population,Canada-Unemployment rate,Manitoba-Participation rate,Manitoba-Population,Manitoba-Unemployment rate,New Brunswick-Participation rate,New Brunswick-Population,New Brunswick-Unemployment rate,Newfoundland and Labrador-Participation rate,Newfoundland and Labrador-Population,Newfoundland and Labrador-Unemployment rate,Nova Scotia-Participation rate,Nova Scotia-Population,Nova Scotia-Unemployment rate,Ontario-Participation rate,Ontario-Population,Ontario-Unemployment rate,Prince Edward Island-Participation rate,Prince Edward Island-Population,Prince Edward Island-Unemployment rate,Quebec-Participation rate,Quebec-Population,Quebec-Unemployment rate,Saskatchewan-Participation rate,Saskatchewan-Population,Saskatchewan-Unemployment rate,Year
2008-01,74.8,2814.8,3.8,66.6,3521.0,4.4,67.7,26659.0,6.1,69.2,903.6,4.0,65.1,609.3,8.5,59.9,426.9,12.6,63.7,766.5,7.4,67.7,10391.6,6.6,69.2,112.7,11.4,65.8,6346.1,7.1,69.8,766.6,4.3,2008
2008-02,74.7,2820.1,3.9,66.5,3524.9,4.5,67.7,26683.2,6.1,69.3,904.0,4.1,64.9,609.4,8.7,59.9,427.0,13.4,63.5,766.8,7.9,67.9,10399.6,6.3,68.2,112.8,10.1,65.9,6351.3,7.2,70.2,767.5,4.4,2008
2008-03,74.9,2826.8,3.6,66.8,3529.1,4.6,67.7,26710.7,6.2,69.6,904.5,4.3,64.8,609.6,8.7,59.3,427.0,13.0,63.7,766.8,8.0,67.8,10408.4,6.6,68.5,112.8,10.3,65.7,6357.4,7.4,69.7,768.3,4.4,2008
2008-04,74.7,2834.9,3.6,66.6,3534.5,4.7,67.7,26744.9,6.2,70.1,905.3,4.3,65.0,609.8,8.5,60.6,426.9,13.8,63.8,766.9,7.3,67.7,10420.0,6.4,69.2,113.0,11.6,65.6,6364.2,7.7,70.0,769.4,4.3,2008
2008-05,74.8,2841.8,3.7,66.7,3538.9,4.7,67.6,26775.5,6.2,69.3,905.9,4.2,64.7,610.0,8.8,60.5,427.0,13.0,63.7,767.1,8.4,67.7,10430.9,6.3,68.6,113.1,10.2,65.5,6370.4,7.6,69.7,770.4,4.2,2008
2008-06,74.6,2849.1,3.3,66.7,3545.7,4.6,67.5,26816.1,6.1,69.5,906.9,3.9,64.9,610.1,8.8,59.7,427.3,13.2,63.9,767.4,7.8,67.5,10446.1,6.5,68.2,113.4,10.5,65.5,6378.5,7.5,69.3,771.6,3.9,2008
2008-07,74.6,2855.0,3.8,66.7,3551.7,4.7,67.4,26849.8,6.2,69.5,907.5,4.0,65.0,610.3,8.8,59.5,427.7,12.6,63.5,767.5,7.1,67.3,10457.9,6.5,67.9,113.5,11.5,65.4,6385.9,7.4,69.7,772.7,4.5,2008
2008-08,74.3,2860.8,3.9,66.5,3557.2,4.6,67.4,26881.7,6.2,69.1,907.9,4.1,64.9,610.5,7.8,59.6,428.1,13.3,63.6,767.9,8.2,67.4,10468.5,6.4,67.6,113.7,10.7,65.4,6393.1,7.5,70.4,774.0,4.3,2008
2008-09,74.8,2868.4,4.1,66.1,3563.1,4.7,67.5,26918.4,6.3,69.3,908.6,4.4,64.7,611.0,8.6,59.2,428.7,13.9,64.3,768.3,8.0,67.6,10480.4,6.6,68.2,113.8,11.5,65.5,6400.7,7.5,70.5,775.4,4.2,2008
2008-10,75.4,2874.6,3.8,66.2,3567.7,5.2,67.7,26948.5,6.4,69.2,909.5,4.3,65.2,611.4,8.9,59.4,429.0,13.9,64.5,768.6,8.3,67.7,10489.5,6.7,67.6,113.8,12.0,65.7,6407.6,7.4,70.6,776.7,3.9,2008
2008-11,74.7,2880.6,3.9,65.9,3572.4,5.3,67.5,26976.8,6.7,69.0,910.3,4.5,64.9,611.7,8.9,59.4,429.3,14.1,64.2,769.0,8.2,67.5,10497.8,7.3,67.6,113.8,12.1,65.6,6414.0,7.7,70.3,777.9,3.8,2008
2008-12,74.8,2885.7,4.9,66.2,3576.8,6.0,67.6,27003.2,7.0,69.5,911.0,4.7,64.8,612.0,8.7,59.0,429.6,13.9,64.3,769.3,8.3,67.7,10506.1,7.4,68.4,113.7,12.5,65.4,6420.1,7.8,70.8,778.9,4.8,2008
2009-01,74.9,2891.6,4.9,66.1,3580.7,6.6,67.3,27030.7,7.5,69.1,911.8,4.9,64.9,612.4,8.7,58.6,429.9,14.8,64.5,769.6,8.9,67.2,10514.5,8.2,67.6,113.8,12.2,65.2,6426.6,8.3,70.8,779.9,4.5,2009
2009-02,74.9,2898.5,5.7,66.1,3585.4,7.1,67.5,27061.0,8.1,69.4,912.6,5.4,64.5,612.6,9.0,59.0,430.1,15.9,64.8,769.9,8.9,67.6,10523.3,8.9,68.5,113.8,13.1,65.2,6433.7,8.6,70.9,781.2,5.0,2009
2009-03,74.6,2904.8,6.1,66.0,3590.3,7.4,67.5,27090.1,8.3,69.1,913.4,5.6,65.1,612.8,9.6,58.8,430.5,14.8,64.8,770.1,9.3,67.5,10532.0,9.0,67.7,113.8,12.5,65.7,6440.2,8.9,70.6,782.3,4.8,2009
2009-04,74.8,2911.0,6.6,66.4,3595.5,8.0,67.4,27120.6,8.4,69.0,914.3,5.1,64.4,613.3,8.9,58.3,430.8,15.2,64.6,770.1,10.0,67.0,10541.6,9.0,67.5,114.0,13.1,65.8,6446.4,8.9,70.5,783.5,5.0,2009
2009-05,74.9,2916.3,6.9,66.7,3600.7,7.9,67.5,27152.3,8.6,69.0,915.5,4.8,64.6,613.5,9.0,57.9,431.4,15.7,64.3,770.5,9.1,67.1,10552.5,9.6,68.1,114.1,13.0,65.8,6453.1,8.7,71.1,784.8,5.2,2009
2009-06,74.5,2922.2,7.0,66.8,3606.8,8.4,67.4,27193.6,8.8,69.2,917.0,5.5,64.9,613.8,9.2,59.6,432.0,16.0,64.2,771.1,9.5,67.0,10567.2,9.6,67.9,114.3,12.4,65.6,6462.9,8.9,70.8,786.3,4.7,2009
2009-07,74.5,2926.2,7.4,66.1,3611.9,7.9,67.2,27226.9,8.8,69.3,918.0,5.2,64.9,614.1,9.0,60.4,432.6,18.1,64.0,771.6,9.7,67.0,10579.5,9.5,68.0,114.5,12.3,65.4,6470.7,9.2,70.4,787.6,5.1,2009
2009-08,74.3,2930.0,7.3,66.3,3617.2,8.3,67.1,27259.5,8.8,69.8,918.8,5.7,64.7,614.4,9.2,59.4,433.1,16.2,64.0,772.0,9.2,66.9,10591.9,9.4,67.8,114.7,12.6,65.1,6478.6,9.1,70.1,788.8,5.0,2009
2009-09,74.5,2934.1,7.1,65.9,3623.4,7.4,67.0,27297.2,8.5,69.0,920.0,5.5,64.5,614.9,8.2,59.7,433.8,16.0,64.1,772.8,10.0,66.8,10605.9,9.1,67.5,114.9,11.1,65.0,6487.5,9.1,70.2,790.0,5.1,2009
2009-10,74.0,2937.2,7.5,65.9,3628.1,8.0,67.1,27326.6,8.5,69.2,920.7,6.0,64.8,615.3,7.9,60.2,434.2,16.5,64.5,773.2,9.2,67.0,10616.5,9.1,68.5,115.0,11.0,64.8,6495.3,8.6,70.6,791.0,5.8,2009
2009-11,74.5,2940.0,7.7,66.1,3632.5,8.1,67.3,27353.1,8.6,69.3,921.3,5.3,64.8,615.4,8.5,59.9,434.8,15.6,64.6,773.7,9.4,67.2,10626.5,9.3,68.7,115.1,10.2,65.0,6501.8,8.5,70.7,792.0,5.3,2009
2009-12,74.2,2942.5,7.0,66.2,3635.7,8.6,67.1,27377.1,8.6,69.1,921.9,5.8,64.6,615.7,9.1,59.6,435.2,15.6,64.5,773.9,9.2,66.8,10635.8,9.2,68.1,115.2,10.5,65.4,6508.2,8.8,70.2,793.1,4.9,2009
2010-01,73.4,2945.6,6.9,66.2,3639.1,8.1,67.0,27403.5,8.4,69.3,922.7,5.8,64.5,615.8,9.2,59.3,435.7,15.3,63.8,774.1,9.3,66.9,10645.4,9.1,67.9,115.4,10.1,65.1,6515.4,8.3,70.3,794.3,4.8,2010
2010-02,73.2,2949.6,6.9,66.1,3643.2,7.7,66.9,27432.0,8.4,69.1,923.7,5.7,64.7,616.1,8.9,59.4,436.1,15.1,63.9,774.2,9.3,66.7,10655.8,9.3,68.3,115.6,10.4,65.2,6522.0,8.3,70.4,795.6,4.5,2010
2010-03,73.3,2953.6,7.0,66.1,3647.6,7.9,67.0,27460.8,8.3,68.9,924.7,5.5,64.3,616.4,8.7,59.6,436.4,16.1,64.1,774.4,8.9,66.8,10666.8,8.9,68.7,115.8,11.2,65.3,6528.6,8.3,71.2,796.7,5.1,2010
2010-04,73.7,2957.7,7.1,65.7,3652.4,7.5,67.1,27491.0,8.2,69.2,925.7,5.2,64.1,616.6,8.9,59.3,436.7,15.8,64.4,774.8,8.7,66.9,10678.2,9.0,68.2,115.9,10.0,65.3,6535.3,8.1,70.9,797.9,5.2,2010
2010-05,73.3,2961.8,6.7,65.6,3657.1,7.5,67.0,27522.5,8.1,69.8,926.6,5.8,64.3,616.9,9.4,60.1,436.9,14.7,64.7,775.2,9.0,67.1,10691.1,8.7,67.4,116.1,10.7,65.1,6542.0,8.4,70.8,798.9,4.9,2010
2010-06,73.4,2967.0,6.4,65.8,3662.8,7.9,67.1,27563.6,8.0,69.7,927.8,5.6,64.0,617.2,9.3,59.8,437.3,14.9,64.6,775.8,9.2,67.1,10708.3,8.5,68.5,116.3,12.3,65.4,6550.9,8.1,71.0,800.3,5.7,2010
2010-07,73.3,2970.7,6.5,65.8,3667.5,7.7,67.2,27597.8,8.2,69.6,928.8,5.4,64.1,617.7,9.2,60.7,437.6,15.4,65.0,776.1,9.9,67.2,10722.7,8.7,68.4,116.6,11.3,65.5,6558.6,8.5,70.5,801.4,5.4,2010
2010-08,73.0,2975.2,6.3,65.6,3672.9,7.3,67.3,27635.9,8.2,69.9,929.9,5.4,64.7,618.1,10.1,61.1,437.8,14.2,65.0,776.7,10.1,67.4,10738.8,8.9,68.5,116.9,11.4,65.6,6566.9,8.4,70.3,802.7,5.0,2010
2010-09,72.9,2978.0,6.2,65.7,3676.5,7.9,67.2,27664.2,8.2,69.8,931.1,5.2,64.2,618.6,9.9,61.8,437.9,14.0,65.1,777.1,9.8,67.1,10750.5,8.9,68.5,117.2,13.2,65.6,6573.6,8.1,70.5,803.7,6.0,2010
2010-10,73.2,2981.3,6.2,65.6,3679.9,8.1,67.0,27690.7,8.1,70.0,932.0,5.0,64.3,618.9,9.8,61.1,438.2,13.6,64.4,777.5,10.0,66.7,10760.6,8.4,68.0,117.3,12.9,65.3,6580.0,8.3,70.7,804.8,6.3,2010
2010-11,72.8,2984.3,6.1,65.7,3682.8,7.6,66.9,27714.9,7.8,69.6,933.0,5.1,64.4,619.2,10.2,60.6,438.5,14.0,64.2,777.9,9.9,66.8,10770.4,8.2,67.7,117.4,13.0,65.3,6585.8,8.1,70.4,805.5,5.6,2010
2010-12,72.8,2987.2,5.8,65.4,3685.0,7.9,67.0,27737.1,7.8,69.2,933.7,5.4,64.3,619.5,9.8,60.8,438.9,14.3,64.6,778.3,10.8,66.9,10779.0,8.3,67.2,117.6,12.4,65.4,6591.5,7.6,70.6,806.4,5.4,2010
2011-01,73.5,2990.2,5.9,65.8,3687.1,8.2,67.2,27758.2,7.8,69.4,934.3,5.1,63.8,619.7,9.3,60.9,439.2,12.5,64.7,778.4,9.8,67.2,10787.3,8.3,67.2,117.7,11.1,65.4,6597.1,7.9,70.4,807.2,5.5,2011
2011-02,73.8,2993.8,5.8,65.9,3690.1,8.7,67.1,27781.0,7.8,69.6,935.0,5.4,64.1,619.9,9.9,60.8,439.4,12.6,64.2,778.5,9.6,66.8,10796.3,8.2,67.7,117.9,12.0,65.5,6602.1,7.7,70.2,807.8,5.4,2011
2011-03,73.7,2997.6,5.7,65.8,3693.0,8.0,67.1,27804.1,7.8,69.7,935.6,5.8,64.1,620.0,9.7,61.3,439.6,12.5,63.9,778.5,9.1,67.0,10805.6,8.3,68.2,118.0,11.2,65.2,6607.5,8.0,70.2,808.6,5.1,2011
2011-04,73.5,3002.0,5.9,65.7,3696.2,8.0,67.1,27829.5,7.8,69.3,936.4,5.3,63.9,620.1,10.0,61.1,439.8,11.8,63.8,778.6,9.5,67.1,10815.5,8.2,68.7,118.2,11.6,65.4,6613.3,8.0,70.2,809.5,5.1,2011
2011-05,73.0,3007.3,5.5,64.9,3700.1,7.7,66.9,27861.4,7.7,69.5,937.5,5.3,63.5,620.4,9.9,61.3,440.0,13.0,64.1,778.8,9.2,67.0,10827.8,8.3,69.1,118.3,12.0,65.4,6620.6,7.8,70.2,810.7,5.2,2011
2011-06,73.7,3011.6,5.6,64.8,3704.0,7.6,67.0,27890.5,7.7,69.4,938.4,5.4,63.3,620.7,9.9,60.1,440.4,13.1,64.1,779.1,8.7,67.1,10840.0,8.1,69.3,118.5,11.1,65.4,6626.1,8.1,69.9,811.7,4.8,2011
2011-07,74.2,3018.0,5.6,64.9,3705.6,7.5,66.9,27918.0,7.4,69.5,939.9,5.7,63.5,621.2,10.2,60.5,440.7,12.6,64.6,779.7,9.4,66.7,10849.2,7.7,69.2,118.7,11.6,65.2,6631.6,7.4,70.3,813.4,5.0,2011
2011-08,74.4,3022.8,5.5,64.9,3712.2,7.5,66.8,27952.1,7.4,69.1,941.1,5.3,63.1,621.5,9.0,60.7,441.0,13.7,64.2,779.8,8.9,66.6,10863.4,7.6,69.1,119.0,11.6,65.3,6636.9,7.8,69.7,814.5,4.7,2011
2011-09,74.3,3026.9,5.6,65.1,3717.5,7.3,66.8,27978.6,7.4,69.2,942.1,5.6,63.4,621.7,9.0,60.5,441.2,13.9,63.8,779.9,8.9,66.5,10874.0,7.9,69.8,119.0,11.6,65.1,6640.7,7.6,70.1,815.6,4.5,2011
2011-10,74.1,3030.9,5.1,65.0,3722.5,6.8,66.7,28004.3,7.5,69.3,943.2,5.4,63.6,622.0,9.5,60.6,441.5,14.1,63.8,780.0,8.9,66.4,10884.2,8.0,68.7,119.0,11.6,65.1,6644.6,8.1,69.9,816.4,4.4,2011
2011-11,74.1,3034.9,5.0,65.2,3727.6,7.2,66.7,28028.3,7.6,69.2,944.1,5.5,63.4,622.3,9.6,60.9,441.7,13.6,64.5,779.9,9.1,66.5,10893.7,8.0,68.7,119.0,10.6,64.8,6648.0,8.4,69.6,817.1,5.0,2011
2011-12,74.3,3038.6,4.9,65.1,3732.4,6.9,66.7,28053.1,7.5,69.3,945.2,5.5,63.7,622.5,9.7,61.2,442.0,13.5,64.4,780.1,7.7,66.2,10903.7,7.7,69.1,119.1,11.2,64.9,6651.7,8.9,69.7,817.9,4.8,2011
2012-01,74.1,3043.6,5.1,65.3,3737.2,7.0,66.8,28077.1,7.7,69.0,946.3,5.6,63.6,622.8,9.7,61.4,442.2,13.8,64.4,780.0,8.6,66.4,10912.8,8.1,68.6,119.1,12.1,65.0,6654.4,8.7,69.5,818.7,4.8,2012
2012-02,73.9,3049.8,5.0,65.3,3742.4,7.0,66.6,28102.2,7.6,68.8,947.4,5.5,63.4,623.0,9.9,61.3,442.2,13.3,64.2,780.0,8.6,66.1,10921.8,7.9,67.4,119.2,10.7,64.9,6656.6,8.5,69.4,819.8,5.0,2012
2012-03,74.2,3056.3,5.0,65.3,3747.1,7.2,66.7,28126.3,7.3,69.1,948.1,5.3,62.5,623.0,10.1,61.2,442.1,12.8,64.4,779.8,8.9,66.3,10930.7,7.7,67.5,119.2,10.3,64.9,6659.3,7.8,69.2,820.7,5.1,2012
2012-04,74.2,3064.0,4.9,65.4,3753.7,6.6,67.0,28160.3,7.4,69.4,949.3,5.2,63.8,623.3,9.7,62.3,442.0,12.5,64.5,779.7,9.1,66.6,10943.0,8.0,68.6,119.2,11.0,65.3,6663.6,8.0,70.4,822.5,5.1,2012
2012-05,74.0,3069.9,4.5,65.7,3758.9,7.4,67.0,28188.3,7.5,69.0,950.2,5.1,64.0,623.5,9.8,62.1,442.1,12.6,64.7,779.9,9.6,66.4,10953.2,8.2,68.8,119.2,11.5,65.5,6667.4,8.0,70.0,823.9,4.7,2012
2012-06,73.7,3075.6,4.6,65.5,3764.6,6.9,66.8,28218.5,7.4,68.7,951.1,5.5,63.7,623.6,9.6,62.6,442.4,13.4,64.8,779.8,9.4,66.3,10965.1,8.1,69.8,119.3,12.6,65.2,6671.9,7.6,70.0,825.2,5.1,2012
2012-07,73.6,3082.8,4.6,65.4,3770.9,7.0,66.7,28254.0,7.3,68.7,952.5,5.6,64.0,623.9,10.6,62.1,442.8,12.9,65.0,779.8,9.4,66.4,10978.3,8.0,69.2,119.3,10.8,64.9,6677.1,7.3,69.9,826.6,4.8,2012
2012-08,73.7,3088.6,4.3,65.5,3775.7,6.7,66.9,28279.3,7.4,69.0,953.1,5.7,64.0,623.9,11.1,62.5,443.0,13.5,65.4,779.8,9.8,66.4,10987.6,8.1,69.6,119.3,12.2,65.4,6680.7,7.5,70.4,827.6,4.7,2012
2012-09,73.9,3094.5,4.7,65.8,3780.4,7.1,67.0,28304.2,7.4,69.1,953.9,5.4,63.9,624.1,11.6,61.9,443.2,12.6,65.2,779.9,8.9,66.5,10996.2,7.9,69.0,119.3,11.4,65.5,6684.0,7.6,70.2,828.6,4.8,2012
2012-10,74.0,3100.4,4.8,65.8,3785.0,6.8,67.0,28329.7,7.4,68.9,955.1,5.7,63.8,624.2,11.9,62.3,443.5,11.9,65.2,780.0,9.6,66.6,11005.5,8.2,69.5,119.3,11.3,65.4,6687.2,7.4,70.5,829.5,4.6,2012
2012-11,73.8,3105.8,4.5,65.6,3789.7,6.7,67.0,28354.0,7.3,69.0,956.2,5.5,63.7,624.3,11.5,62.5,443.7,12.4,64.8,780.0,9.4,66.5,11014.9,8.0,69.5,119.2,11.5,65.7,6690.1,7.8,70.7,830.2,4.7,2012
2012-12,73.7,3110.9,4.8,65.2,3794.3,6.4,67.1,28376.9,7.2,69.4,957.0,5.1,63.3,624.3,10.8,62.3,443.8,11.8,64.4,779.7,9.8,66.8,11023.7,7.8,70.4,119.2,10.8,65.7,6693.0,7.5,70.6,831.0,4.9,2012
2013-01,73.6,3117.7,4.6,65.1,3799.0,6.5,66.9,28399.4,7.1,69.1,957.9,4.6,64.0,624.5,11.5,62.2,444.0,12.1,64.8,779.3,9.5,66.5,11031.9,7.7,70.6,119.2,12.0,65.6,6694.3,7.3,70.7,831.6,3.9,2013
2013-02,73.6,3123.4,4.6,65.5,3802.9,6.5,67.1,28417.6,7.0,69.3,958.5,5.1,63.7,624.6,10.6,62.2,444.1,11.9,64.7,779.0,9.1,66.7,11038.6,7.5,70.8,119.2,11.8,65.5,6695.2,7.5,70.8,832.1,4.2,2013
2013-03,73.3,3131.3,4.7,65.2,3807.6,7.0,66.9,28442.3,7.3,69.2,959.2,5.1,63.7,624.5,10.8,62.1,444.2,12.4,65.0,778.7,9.2,66.5,11047.1,7.6,70.8,119.1,11.6,65.5,6697.7,8.0,70.7,832.9,4.0,2013
2013-04,73.2,3141.0,4.3,65.2,3813.7,6.8,66.9,28475.0,7.2,68.9,959.9,5.7,63.8,624.5,10.6,61.7,444.1,12.9,65.0,778.5,8.8,66.4,11058.9,7.6,70.8,119.0,11.0,65.6,6701.2,8.0,70.6,834.0,4.4,2013
2013-05,73.4,3148.7,4.6,65.0,3819.3,6.4,66.9,28503.8,7.0,68.9,960.6,5.7,64.0,624.6,10.2,61.4,444.2,12.0,64.6,778.4,8.7,66.5,11069.3,7.5,70.4,119.1,11.1,65.7,6704.4,7.5,70.6,835.2,4.5,2013
2013-06,73.5,3155.4,4.7,64.8,3825.0,6.6,66.9,28533.4,7.2,69.2,961.7,5.5,63.8,624.8,10.9,62.0,444.4,11.7,64.7,778.4,9.1,66.6,11080.7,7.6,69.3,119.0,10.7,65.6,6707.8,7.8,70.6,836.3,4.0,2013
2013-07,73.4,3163.8,4.6,65.0,3831.9,6.7,66.8,28566.9,7.3,69.1,962.9,5.5,63.6,624.9,9.7,61.6,444.5,12.1,64.2,778.2,8.6,66.4,11093.4,7.7,70.0,119.0,11.9,65.5,6710.9,8.2,70.8,837.3,4.4,2013
2013-08,73.9,3170.8,4.8,65.0,3837.5,6.7,66.8,28592.4,7.2,68.6,963.6,5.3,63.9,625.0,10.7,61.1,444.7,11.0,64.4,778.0,9.0,66.5,11102.7,7.7,69.1,119.0,10.5,65.2,6712.9,8.0,70.4,838.3,4.2,2013
2013-09,73.0,3178.9,4.3,64.8,3843.8,6.5,66.6,28622.0,7.1,69.0,964.4,5.6,64.1,625.1,10.5,60.9,444.8,10.7,64.0,778.0,8.7,66.4,11113.2,7.5,69.6,118.9,11.7,65.2,6715.7,7.9,69.5,839.1,4.3,2013
2013-10,73.0,3185.1,4.6,64.5,3849.1,6.8,66.7,28646.5,7.2,68.6,965.3,5.7,63.8,625.3,10.1,61.9,445.0,11.4,63.8,778.1,9.2,66.4,11121.6,7.6,70.2,119.0,12.1,65.6,6717.9,7.8,69.0,840.1,3.9,2013
2013-11,73.2,3190.5,4.7,64.5,3854.0,6.9,66.6,28668.6,7.1,68.5,966.1,6.0,64.0,625.6,9.9,61.9,445.2,12.3,62.9,778.1,8.8,66.3,11129.6,7.5,69.6,118.9,12.2,65.5,6719.7,7.6,69.4,840.9,4.1,2013
2013-12,73.0,3195.4,4.9,64.9,3858.6,6.9,66.6,28689.2,7.4,68.3,967.0,5.6,64.2,625.7,10.6,62.0,445.3,11.6,63.5,778.1,9.4,66.3,11136.9,7.8,69.4,119.0,11.6,65.4,6721.3,8.1,69.8,841.7,4.4,2013
2014-01,72.8,3201.0,4.8,64.8,3863.2,6.9,66.5,28708.4,7.2,68.5,967.8,5.5,63.4,625.9,9.8,62.2,445.5,12.3,63.0,778.0,9.1,66.0,11143.1,7.5,69.5,119.1,11.1,65.5,6722.5,8.0,70.0,842.4,4.5,2014
2014-02,72.9,3206.9,4.6,64.5,3868.0,6.6,66.5,28726.5,7.2,68.3,968.3,5.3,63.8,626.0,10.1,62.1,445.5,12.2,63.3,777.6,8.9,66.2,11149.0,7.6,69.2,119.1,11.7,65.2,6722.9,8.1,69.8,843.1,4.0,2014
2014-03,73.1,3214.4,5.0,64.5,3874.2,6.2,66.4,28750.6,7.1,68.1,969.1,5.4,64.0,626.0,9.8,61.9,445.5,11.7,63.2,777.4,9.0,65.9,11156.8,7.4,69.0,119.1,11.4,65.2,6724.3,7.9,70.1,843.8,4.5,2014
2014-04,72.9,3224.3,5.0,64.4,3882.3,6.4,66.3,28782.0,7.1,68.2,970.1,5.7,63.7,625.9,10.8,61.3,445.6,12.2,63.4,777.1,9.1,66.1,11166.5,7.4,68.1,119.2,10.8,64.8,6726.6,7.9,69.4,844.5,3.5,2014
2014-05,73.0,3231.4,4.8,64.6,3888.8,6.7,66.4,28808.4,7.3,68.1,971.1,5.6,63.7,625.9,10.6,61.0,445.7,13.3,63.5,777.2,9.1,66.1,11174.5,7.6,69.1,119.2,11.3,64.9,6729.6,8.1,69.7,845.1,3.8,2014
2014-06,73.3,3238.9,4.9,64.3,3896.4,6.4,66.3,28841.3,7.1,68.1,972.4,5.4,63.3,625.8,9.4,60.5,445.8,12.8,63.5,777.4,9.3,66.0,11185.5,7.5,68.0,119.2,10.0,65.0,6733.7,7.9,69.6,845.9,4.0,2014
2014-07,72.7,3244.6,4.4,64.2,3902.4,6.3,66.4,28866.5,7.1,68.2,973.4,5.3,63.1,625.9,9.9,61.5,445.8,13.1,63.4,777.4,9.6,66.3,11194.3,7.5,67.8,119.2,9.2,65.1,6737.0,8.0,69.4,846.5,3.5,2014
2014-08,72.7,3249.6,5.1,64.1,3908.4,6.4,66.1,28888.9,7.0,68.3,974.2,5.6,63.3,626.0,9.2,61.0,445.9,13.7,63.3,777.4,8.8,65.9,11202.1,7.3,68.3,119.2,9.7,64.7,6738.9,7.5,69.8,847.1,4.4,2014
2014-09,72.5,3254.5,4.5,64.2,3915.1,6.3,66.2,28913.0,7.0,68.2,975.3,5.6,63.5,626.2,10.2,61.3,446.0,12.9,63.1,777.3,9.2,66.0,11210.0,7.3,68.0,119.3,9.9,64.9,6741.7,7.9,69.7,847.8,3.7,2014
2014-10,72.7,3257.6,5.0,64.1,3920.0,6.0,66.1,28930.2,6.8,68.7,976.0,5.4,63.1,626.3,10.0,61.3,446.2,12.9,63.6,777.3,9.0,65.8,11216.2,6.8,68.1,119.3,9.3,64.6,6743.0,7.8,69.8,848.2,3.7,2014
2014-11,72.7,3260.6,4.7,63.9,3924.7,5.6,66.1,28946.7,6.8,68.6,976.9,5.0,63.0,626.5,10.3,61.1,446.2,11.8,63.3,777.3,8.6,65.7,11222.5,7.2,69.0,119.4,10.6,64.9,6743.8,7.8,69.0,848.8,3.6,2014
2014-12,73.1,3263.0,4.9,63.9,3928.8,5.4,66.1,28962.0,6.7,68.9,977.8,5.5,62.8,626.8,10.0,61.1,446.3,12.0,63.2,777.3,8.3,65.7,11228.9,7.0,68.7,119.4,11.5,64.7,6744.4,7.5,69.6,849.2,3.7,2014
2015-01,73.4,3265.5,4.7,64.0,3932.5,5.7,66.1,28972.0,6.8,69.2,978.2,6.0,63.2,626.9,10.0,61.4,446.3,11.9,63.5,777.0,8.7,65.5,11233.2,6.9,68.8,119.4,10.6,64.8,6743.5,7.7,69.6,849.5,4.8,2015
2015-02,73.4,3269.0,5.4,64.0,3937.1,6.0,66.2,28984.8,6.9,68.9,978.6,5.6,63.5,627.0,10.1,61.4,446.4,12.5,63.2,776.6,9.3,65.7,11238.5,7.0,68.5,119.3,9.9,65.1,6742.8,7.6,69.9,849.5,5.1,2015
2015-03,73.4,3273.2,5.5,64.0,3942.3,5.8,66.3,29000.3,6.8,69.2,979.1,5.3,63.4,626.8,10.1,61.9,446.5,13.6,63.1,776.2,9.5,65.8,11244.1,6.8,68.8,119.4,11.1,65.3,6743.2,7.8,69.8,849.6,4.3,2015
2015-04,73.7,3277.5,5.7,63.8,3947.3,6.4,66.2,29017.2,6.9,69.1,979.7,5.4,63.3,626.8,10.0,61.6,446.5,13.6,62.7,776.1,9.7,65.5,11250.4,6.8,68.3,119.3,10.6,65.2,6743.9,7.6,70.2,849.7,4.4,2015
2015-05,73.9,3281.1,6.2,64.0,3952.2,5.9,66.2,29035.9,6.8,68.8,980.4,5.8,62.5,626.6,9.9,61.7,446.6,14.4,62.6,776.2,8.9,65.3,11258.3,6.3,67.7,119.3,11.0,65.2,6745.2,7.9,70.2,850.0,4.9,2015
2015-06,73.5,3285.3,6.1,64.1,3958.4,5.9,66.1,29063.9,6.9,68.6,981.7,5.2,63.0,626.6,11.2,62.0,446.6,12.8,62.1,776.4,8.5,65.4,11271.2,6.5,68.3,119.4,11.3,64.8,6747.7,8.0,70.0,850.7,4.8,2015
2015-07,73.6,3288.2,6.0,63.9,3962.9,6.3,66.1,29085.4,6.9,68.4,983.0,5.8,63.1,626.6,11.4,61.6,446.5,12.0,62.7,776.4,8.2,65.5,11281.0,6.7,68.0,119.5,11.3,65.1,6750.0,7.6,69.6,851.3,5.4,2015
2015-08,73.4,3290.1,6.2,64.3,3968.0,6.3,66.2,29106.6,7.0,68.7,984.0,6.1,62.8,626.8,10.1,61.8,446.6,12.2,62.1,776.7,8.1,65.7,11290.7,6.9,67.6,119.6,11.1,65.1,6752.2,7.8,69.8,851.9,5.2,2015
2015-09,73.9,3293.0,6.6,64.6,3974.3,6.4,66.2,29133.2,7.1,68.9,985.2,5.7,62.4,627.1,9.3,62.3,446.8,13.8,62.7,777.0,8.7,65.4,11302.1,6.8,67.6,119.7,9.8,65.1,6755.0,7.6,70.2,853.0,5.4,2015
2015-10,73.2,3295.1,6.3,64.9,3978.7,6.1,66.2,29153.7,7.0,68.7,986.3,5.5,62.8,627.2,9.1,61.8,446.9,13.1,62.6,777.3,7.9,65.4,11312.0,6.8,68.4,119.8,10.0,64.9,6756.8,7.6,70.5,853.6,6.0,2015
2015-11,73.0,3297.0,6.9,65.0,3982.4,6.1,66.1,29172.6,7.1,68.8,987.5,6.0,62.3,627.3,8.9,61.9,447.0,13.6,62.8,777.6,9.1,65.3,11321.0,6.8,68.4,119.9,10.6,64.8,6758.6,7.7,70.5,854.2,5.9,2015
2015-12,72.8,3298.9,7.1,65.1,3985.8,6.8,66.1,29192.0,7.2,68.3,988.8,5.8,62.5,627.7,9.2,61.6,447.1,14.1,62.2,777.9,9.1,65.4,11330.4,6.8,67.6,120.0,10.0,64.8,6760.8,7.8,69.9,854.6,5.9,2015
2016-01,72.5,3301.4,7.5,65.2,3989.8,6.7,66.1,29216.7,7.3,67.9,990.3,6.2,62.6,628.2,9.4,61.3,447.3,14.6,61.8,778.6,9.0,65.5,11341.4,6.7,67.2,120.2,10.0,64.7,6764.1,7.8,70.1,855.3,6.0,2016
2016-02,72.8,3304.7,7.7,65.3,3996.4,6.7,66.1,29247.4,7.3,68.2,991.7,6.0,62.2,629.0,10.1,61.3,447.5,14.4,62.3,779.3,9.1,65.4,11355.1,6.7,67.9,120.4,10.6,64.8,6767.3,7.7,69.5,856.2,6.1,2016
2016-03,72.5,3307.0,7.3,65.1,4002.4,6.1,66.0,29273.6,7.2,68.4,993.0,6.0,62.2,629.4,10.2,60.4,447.7,13.4,62.1,779.6,8.7,65.5,11367.4,6.9,66.9,120.7,10.2,64.6,6769.6,7.8,69.7,856.9,6.3,2016
2016-04,72.5,3309.1,7.6,65.0,4009.8,5.6,66.1,29301.3,7.3,68.2,994.3,6.1,62.6,629.5,9.5,61.3,447.9,13.0,61.9,780.0,8.1,65.6,11380.3,7.1,66.7,120.9,10.7,64.9,6771.7,7.9,69.8,857.7,6.6,2016
2016-05,72.3,3312.6,8.2,64.9,4018.6,5.8,66.0,29337.9,7.0,68.2,996.2,6.0,62.9,629.7,10.1,60.7,448.0,12.3,61.7,780.8,8.8,65.4,11396.9,6.5,66.2,121.1,10.5,64.8,6775.5,7.3,69.6,858.6,6.0,2016
2016-06,72.0,3315.4,8.2,65.1,4026.1,5.9,65.8,29371.1,6.9,68.0,997.7,6.2,63.0,629.8,9.8,60.3,448.1,11.9,61.9,781.3,7.9,65.2,11412.5,6.4,66.1,121.3,10.6,64.5,6779.5,7.1,69.7,859.6,6.3,2016
2016-07,72.5,3318.5,8.9,65.4,4030.6,5.7,65.7,29403.2,6.9,68.3,999.2,6.3,63.5,630.1,10.0,60.3,448.1,13.0,61.7,781.8,8.4,64.8,11428.2,6.3,65.8,121.5,9.6,64.5,6784.7,7.1,69.7,860.6,6.1,2016
2016-08,72.2,3321.4,8.3,65.3,4036.7,5.5,65.8,29442.2,6.9,67.9,1000.6,6.0,62.9,630.5,9.5,60.8,448.1,13.0,61.9,782.5,8.3,65.0,11448.2,6.5,67.5,121.8,12.2,64.7,6791.0,6.9,69.6,861.6,6.3,2016
2016-09,72.5,3323.4,8.6,65.4,4040.9,6.0,65.9,29471.2,7.0,68.2,1001.8,6.4,63.4,630.8,9.9,60.9,448.0,13.8,61.6,783.0,8.0,64.9,11463.2,6.5,67.4,122.0,11.4,65.0,6795.9,6.8,70.0,862.2,6.8,2016
2016-10,72.6,3325.5,8.6,65.6,4044.9,6.1,65.9,29498.0,6.9,67.8,1003.0,6.1,63.5,631.0,10.1,60.5,448.0,15.1,61.6,783.4,7.8,64.9,11477.4,6.4,67.2,122.1,11.7,64.7,6800.0,6.6,69.9,862.8,7.0,2016
2016-11,72.5,3327.3,8.8,65.2,4048.8,6.2,65.8,29522.6,6.8,67.6,1004.0,5.9,63.1,631.2,9.3,60.5,448.0,15.1,62.1,783.8,8.0,65.0,11490.2,6.3,67.1,122.3,11.0,64.7,6803.7,6.2,70.1,863.3,7.1,2016
2016-12,72.4,3329.4,8.6,65.7,4052.3,6.1,66.0,29546.4,6.9,67.6,1005.3,5.9,63.0,631.4,9.2,60.3,448.1,15.0,62.2,784.1,8.5,65.1,11502.2,6.5,67.1,122.5,10.3,64.9,6807.3,6.5,69.4,864.0,6.5,2016
2017-01,72.6,3332.6,8.5,65.9,4056.8,5.6,66.1,29579.4,6.8,67.5,1007.0,5.9,62.5,631.7,8.6,59.7,448.1,14.6,62.2,784.6,8.1,65.4,11518.7,6.5,67.3,122.6,9.5,64.8,6812.4,6.3,69.5,864.9,6.7,2017
2017-02,72.4,3335.7,8.1,65.8,4061.4,5.4,66.0,29605.0,6.6,67.6,1008.0,5.8,62.3,631.8,8.6,59.5,448.0,14.8,62.0,785.1,8.4,65.3,11530.6,6.3,67.4,122.8,10.1,64.8,6815.9,6.3,69.9,865.6,6.1,2017
2017-03,72.7,3339.0,8.6,66.1,4066.8,5.6,66.1,29635.7,6.7,67.6,1009.4,5.7,62.2,632.0,8.5,59.9,447.9,15.5,62.6,785.7,9.1,65.2,11544.9,6.4,67.2,123.1,9.8,64.7,6820.6,6.0,69.1,866.4,6.3,2017
2017-04,72.2,3341.8,8.2,66.3,4072.8,5.5,65.9,29667.2,6.5,67.4,1010.6,5.4,62.3,632.3,8.9,59.7,447.8,14.9,62.4,786.4,8.9,65.0,11559.4,5.9,67.5,123.5,10.1,64.9,6825.7,6.2,69.2,867.1,6.3,2017
2017-05,72.2,3345.2,8.3,66.5,4079.8,5.4,66.1,29706.8,6.6,67.4,1012.3,5.2,62.2,632.7,8.8,59.9,447.7,15.3,62.2,787.0,8.2,65.4,11578.5,6.4,68.0,123.8,10.2,64.6,6831.8,6.1,69.7,868.0,6.7,2017
2017-06,71.9,3348.1,7.8,66.6,4085.6,5.1,66.1,29741.1,6.5,67.4,1013.8,5.1,61.9,633.1,8.4,59.8,447.7,15.6,62.2,787.9,8.9,65.3,11594.9,6.3,67.6,124.2,10.1,65.2,6837.2,6.2,69.1,868.7,6.4,2017
2017-07,71.9,3351.9,8.2,66.2,4091.2,5.0,66.1,29778.3,6.3,67.5,1015.0,4.8,61.2,633.3,6.9,59.0,447.6,15.2,62.0,788.5,8.1,65.4,11612.8,6.1,66.6,124.3,9.9,65.1,6844.2,5.7,69.5,869.6,6.8,2017
2017-08,72.0,3356.1,8.4,66.4,4097.9,5.0,66.0,29823.9,6.2,67.5,1016.4,4.9,61.6,633.6,8.0,58.8,447.6,15.1,62.0,789.3,8.4,65.0,11634.9,5.5,66.5,124.6,9.1,65.3,6853.2,6.0,69.1,870.3,6.1,2017
2017-09,71.5,3359.2,7.6,65.8,4103.5,5.2,65.9,29859.2,6.2,67.5,1017.6,5.4,61.5,634.0,8.0,58.8,447.6,15.4,62.2,789.8,8.9,65.3,11651.7,5.9,66.8,124.7,10.4,65.1,6860.0,5.9,68.9,871.1,6.2,2017
2017-10,71.7,3362.2,7.8,65.7,4108.6,5.4,66.1,29892.2,6.4,67.5,1018.8,5.1,62.3,634.2,8.4,59.1,447.6,15.3,61.7,790.3,8.6,65.4,11667.8,5.9,66.8,124.9,10.8,65.4,6866.2,6.1,68.5,871.7,6.2,2017
2017-11,71.8,3365.3,7.4,66.1,4113.7,5.0,66.1,29924.9,6.1,67.5,1019.7,5.5,62.2,634.4,8.6,59.3,447.6,15.3,61.9,790.8,8.9,65.6,11684.2,5.8,66.7,125.1,9.3,65.0,6872.0,5.5,68.8,872.3,6.5,2017
2017-12,72.5,3368.5,7.2,66.1,4118.6,4.9,66.2,29956.9,6.0,67.5,1020.5,5.6,62.4,634.6,8.2,59.4,447.5,15.2,61.8,791.2,8.1,65.5,11700.6,5.9,67.6,125.2,9.9,65.1,6877.5,5.3,69.4,872.5,6.7,2017
2018-01,72.2,3373.1,6.7,65.8,4125.7,4.9,65.8,30000.9,5.9,67.3,1021.6,5.6,62.0,634.9,9.0,58.8,447.4,15.2,61.7,791.8,8.4,64.9,11723.8,5.6,67.6,125.4,11.0,65.1,6884.1,5.3,68.7,873.2,5.7,2018
2018-02,71.8,3376.8,6.5,65.8,4131.3,5.0,65.8,30032.3,6.0,67.3,1022.5,6.0,62.1,635.3,8.4,59.0,447.2,15.0,62.1,792.1,8.5,64.8,11739.1,5.6,67.6,125.6,10.0,65.3,6888.6,5.9,68.6,873.7,5.7,2018
2018-03,71.7,3381.2,6.1,65.5,4138.2,4.9,65.8,30069.6,5.8,67.7,1023.5,6.3,61.9,635.6,8.3,59.0,447.0,14.8,61.7,792.7,8.1,64.9,11756.6,5.5,67.4,125.8,10.4,65.3,6894.7,5.5,69.1,874.2,6.1,2018
2018-04,71.5,3386.9,6.7,65.8,4146.6,5.0,65.7,30117.6,5.8,67.7,1025.0,6.2,61.9,636.1,8.0,59.1,446.8,14.8,61.3,793.4,7.2,64.8,11778.8,5.4,68.0,126.1,11.3,65.0,6902.9,5.4,68.7,875.0,6.3,2018
2018-05,71.4,3391.2,6.2,65.1,4154.0,4.8,65.7,30156.6,5.9,67.6,1026.3,6.1,61.8,636.3,7.8,58.9,446.7,14.5,61.1,794.1,7.3,64.8,11796.9,5.8,67.2,126.4,9.5,65.2,6909.2,5.3,68.7,875.5,6.6,2018
2018-06,71.6,3395.9,6.6,65.2,4160.6,4.8,65.8,30197.3,6.0,67.8,1027.5,5.9,61.8,636.6,8.0,59.2,446.5,14.7,61.2,795.0,7.8,65.2,11816.7,5.9,67.2,126.7,8.8,65.1,6915.8,5.4,69.0,876.0,6.4,2018
2018-07,71.8,3401.8,6.9,65.4,4169.4,4.6,65.9,30249.4,5.9,67.7,1028.6,6.1,61.8,637.0,7.7,59.9,446.4,15.0,61.5,796.3,8.3,65.4,11841.7,5.5,67.5,127.1,9.7,64.9,6924.4,5.6,68.8,876.6,6.4,2018
2018-08,72.2,3406.3,6.8,65.7,4175.2,4.7,65.7,30289.0,6.0,67.7,1029.4,5.7,61.8,637.4,8.4,59.3,446.4,14.2,61.9,797.1,8.3,64.7,11860.4,5.7,67.2,127.4,9.6,64.9,6932.0,5.7,68.8,877.3,6.5,2018
2018-09,72.2,3410.4,7.0,65.9,4180.9,4.0,65.8,30328.2,5.8,67.5,1030.5,5.8,61.8,637.9,7.9,58.8,446.4,13.1,61.8,798.0,7.8,65.1,11878.5,5.8,67.3,127.7,8.8,64.6,6939.8,5.4,68.9,878.1,6.4,2018
2018-10,72.1,3414.9,7.0,65.6,4186.3,4.2,65.7,30366.8,5.7,67.7,1031.6,6.2,61.2,638.3,7.3,58.4,446.4,12.0,62.0,798.9,7.8,65.0,11896.4,5.7,66.8,127.9,8.7,64.6,6947.2,5.1,69.0,879.0,6.2,2018
2018-11,72.2,3419.3,6.3,66.2,4191.7,4.6,65.9,30403.2,5.7,67.8,1032.5,5.9,61.8,638.7,8.1,58.1,446.3,12.5,61.5,799.7,7.3,64.9,11913.4,5.7,67.0,128.2,9.5,65.1,6953.7,5.3,69.3,879.8,5.4,2018
2018-12,71.6,3423.3,6.3,66.3,4196.6,4.5,65.9,30437.3,5.7,67.8,1033.4,5.9,61.5,638.8,8.6,58.6,446.3,12.3,61.7,800.2,7.1,64.9,11930.0,5.6,66.7,128.3,10.2,65.3,6959.9,5.3,69.3,880.3,5.7,2018
2019-01,71.7,3428.3,6.6,66.5,4203.1,4.7,66.0,30479.6,5.7,67.9,1034.7,5.7,61.7,639.3,8.4,59.5,446.2,11.8,62.0,800.9,7.1,65.1,11949.9,5.6,66.6,128.5,10.0,65.1,6967.9,5.2,68.9,880.8,5.4,2019
2019-02,71.9,3431.8,7.1,66.6,4207.9,4.5,66.2,30508.0,5.8,67.4,1035.3,5.5,62.0,639.7,8.8,59.5,446.1,12.0,61.7,801.5,6.8,65.3,11963.1,5.6,66.8,128.8,9.8,65.3,6972.8,5.3,69.0,881.1,5.8,2019
2019-03,71.3,3435.9,6.8,66.6,4214.3,4.9,66.0,30542.4,5.9,67.3,1036.1,5.2,61.9,640.2,8.0,59.5,445.9,12.3,61.7,802.1,6.6,65.3,11979.0,5.9,66.9,129.1,9.0,65.1,6978.5,5.4,69.0,881.3,5.1,2019
2019-04,72.0,3441.1,6.5,66.6,4223.3,4.8,66.3,30589.4,5.7,67.3,1037.0,5.1,61.3,641.1,8.2,59.1,445.7,12.0,62.0,803.1,7.2,65.6,12000.8,6.0,67.1,129.7,8.9,65.3,6986.0,4.9,69.3,881.7,5.5,2019
2019-05,71.8,3445.5,6.7,66.7,4230.8,4.5,66.1,30630.4,5.4,67.3,1038.1,5.1,61.5,641.7,7.6,58.8,445.6,12.3,62.3,804.1,6.9,65.2,12019.9,5.2,66.5,130.0,8.7,65.1,6992.3,5.0,68.8,882.3,5.3,2019
2019-06,71.9,3450.6,6.7,66.7,4238.2,4.7,66.1,30675.0,5.6,67.5,1039.5,5.5,61.9,642.4,8.3,59.0,445.7,12.7,62.6,805.4,7.0,65.2,12040.9,5.4,67.0,130.3,9.0,65.1,6998.9,5.0,68.9,883.0,5.0,2019
2019-07,72.1,3456.7,7.1,66.2,4247.1,4.7,66.0,30727.0,5.8,67.2,1041.1,5.8,61.8,643.3,9.2,59.3,445.6,12.6,62.4,806.6,7.4,65.2,12065.2,5.7,67.3,130.7,8.6,65.2,7006.9,4.9,68.9,883.9,5.6,2019
2019-08,72.0,3461.2,7.6,66.3,4253.1,5.0,66.2,30763.9,5.8,67.1,1042.1,5.3,62.2,644.0,8.4,59.0,445.7,12.9,62.6,807.8,8.0,65.4,12082.7,5.6,66.6,130.9,8.7,65.2,7011.7,4.6,68.9,884.7,5.3,2019
2019-09,71.4,3467.9,6.7,65.8,4260.1,5.1,66.0,30808.6,5.6,66.9,1043.5,5.1,61.5,644.5,8.0,57.9,445.7,11.3,62.3,809.0,7.3,65.3,12104.4,5.4,67.1,131.2,8.5,65.5,7016.6,5.1,69.3,885.6,5.6,2019
2019-10,71.4,3473.3,6.5,66.2,4265.0,5.0,65.9,30842.5,5.6,66.9,1044.3,5.3,61.3,644.9,8.2,58.0,445.8,11.9,62.7,809.8,8.0,65.0,12120.8,5.4,66.9,131.3,8.2,65.1,7020.9,5.1,69.0,886.4,5.3,2019
2019-11,71.5,3478.1,7.2,65.9,4269.4,5.2,65.8,30872.8,5.9,66.8,1045.0,5.6,60.9,645.3,7.8,58.0,445.8,12.2,62.3,810.6,8.1,65.3,12135.2,5.6,66.5,131.3,7.8,64.7,7025.2,5.4,69.5,886.9,6.2,2019
2019-12,71.5,3482.2,7.1,65.7,4273.3,5.0,65.8,30898.0,5.6,66.5,1045.4,4.8,61.1,645.6,7.5,57.6,445.8,12.5,62.5,811.0,8.1,65.3,12146.8,5.3,67.4,131.4,7.7,64.9,7029.2,5.0,69.1,887.2,6.1,2019
2020-01,70.9,3486.9,7.2,65.6,4277.2,4.7,65.8,30924.2,5.5,67.2,1046.0,5.0,61.7,645.8,7.7,58.1,445.7,12.2,62.4,811.5,7.7,65.2,12158.8,5.2,67.2,131.6,7.4,64.9,7033.3,4.8,69.2,887.6,5.8,2020
2020-02,71.1,3491.0,7.3,65.9,4281.4,5.5,65.9,30949.1,5.7,67.4,1046.4,5.2,61.6,645.8,7.3,58.0,445.7,12.4,62.9,811.8,8.1,65.3,12170.1,5.6,67.2,131.8,8.1,64.9,7037.0,4.6,69.4,888.1,6.4,2020
2020-03,68.1,3495.9,8.7,63.0,4286.2,7.6,63.7,30978.6,8.4,65.3,1047.2,6.8,59.8,646.1,9.2,56.0,445.8,11.7,59.8,812.1,9.9,63.1,12184.2,8.3,64.8,131.9,9.4,63.4,7040.6,8.6,67.6,888.7,7.3,2020
2020-04,64.0,3499.2,13.1,59.2,4288.7,11.9,60.1,30994.3,13.6,62.0,1047.1,11.4,56.3,646.3,14.3,51.2,445.7,15.7,55.7,812.2,12.6,59.1,12191.4,12.0,60.1,132.1,11.1,61.1,7043.0,18.3,63.5,888.5,11.4,2020
2020-05,66.2,3502.1,15.5,61.7,4291.6,13.7,61.6,31009.3,14.1,63.6,1047.0,11.8,58.8,646.4,13.5,53.2,445.5,17.6,57.4,812.6,14.3,60.2,12198.7,14.0,63.3,132.2,14.0,61.9,7045.1,14.1,64.2,888.0,12.3,2020
2020-06,69.4,3506.4,15.2,64.3,4297.7,12.7,64.1,31036.9,12.4,65.8,1047.4,10.2,61.3,646.7,11.1,55.4,445.5,17.6,61.2,813.5,13.7,62.9,12210.9,12.5,65.7,132.4,14.1,64.0,7048.7,10.9,67.5,887.7,11.1,2020
2020-07,69.6,3509.2,13.0,64.5,4303.4,10.8,64.6,31061.5,11.0,66.1,1047.7,8.8,61.2,647.0,10.3,56.3,445.5,17.1,60.6,814.2,11.0,63.7,12222.4,11.5,64.7,132.6,11.5,64.1,7051.8,9.4,68.2,887.7,9.4,2020
2020-08,69.4,3512.0,12.4,64.8,4306.9,10.8,64.7,31084.8,10.2,66.5,1048.3,8.3,60.8,647.2,9.5,56.0,445.5,14.2,60.4,814.9,10.1,64.1,12232.2,10.5,64.9,132.7,9.9,64.1,7057.1,8.4,67.2,887.9,8.2,2020
2020-09,70.1,3515.3,12.0,65.1,4311.4,8.7,65.5,31114.5,9.2,67.7,1048.5,7.5,61.8,647.7,11.2,57.8,445.4,15.1,60.7,815.8,7.7,65.1,12245.6,9.6,65.0,132.9,10.3,64.7,7064.0,7.3,67.9,887.9,6.9,2020
2020-10,70.3,3518.7,11.3,65.6,4314.7,8.3,65.5,31138.9,9.0,66.9,1049.0,7.2,61.8,647.8,10.6,58.2,445.4,13.5,61.5,816.5,8.9,65.3,12256.6,9.5,65.0,132.9,10.4,64.3,7069.2,7.6,67.8,888.0,6.7,2020
2020-11,69.8,3522.1,11.0,65.7,4317.6,7.9,65.4,31161.6,8.7,65.5,1049.3,7.7,62.0,648.1,10.0,58.6,445.4,13.2,61.1,816.9,6.7,65.3,12267.2,9.1,65.8,133.0,11.1,64.0,7074.2,7.2,67.6,888.0,7.1,2020
2020-12,69.3,3524.9,10.8,65.5,4319.2,7.6,65.3,31177.4,8.9,65.1,1049.4,8.3,62.2,648.2,10.0,58.4,445.4,13.6,61.5,817.0,8.5,65.7,12274.4,10.0,65.1,133.1,10.8,63.5,7077.6,6.8,67.0,888.1,7.4,2020
2021-01,69.4,3527.7,10.3,65.8,4320.6,7.7,64.8,31191.1,9.2,65.5,1049.4,8.2,62.0,648.3,8.7,58.5,445.2,12.3,62.8,817.2,8.9,64.3,12280.5,10.3,64.3,133.1,8.4,63.3,7081.0,8.2,67.1,888.1,7.0,2021
2021-02,69.7,3531.4,9.8,65.9,4323.3,7.2,65.1,31216.3,8.5,66.1,1050.3,7.1,61.8,648.4,9.5,56.3,445.1,15.3,62.8,817.4,8.6,64.8,12292.5,9.6,64.8,133.2,9.7,63.7,7085.5,6.5,67.1,889.1,7.2,2021
2021-03,70.3,3533.5,9.1,66.2,4326.0,7.0,65.4,31234.8,7.7,66.5,1050.8,7.1,61.9,648.6,9.5,57.6,445.1,13.3,63.1,817.7,9.1,65.0,12301.9,7.9,65.0,133.4,8.8,64.1,7088.2,6.7,67.1,889.5,7.0,2021
2021-04,69.4,3535.3,8.8,65.3,4329.4,7.0,65.1,31252.0,8.2,67.5,1050.9,7.3,61.8,648.9,8.9,57.6,445.0,13.1,62.4,818.0,8.3,64.7,12311.4,9.3,65.4,133.5,9.5,63.8,7090.1,6.8,67.3,889.5,6.5,2021
2021-05,69.2,3536.2,8.6,65.4,4334.6,7.1,64.9,31266.1,8.3,66.9,1050.7,7.0,61.8,649.3,9.3,56.9,445.0,13.1,61.1,818.7,10.4,64.4,12317.2,9.3,66.2,133.6,10.5,63.9,7091.4,6.7,67.7,889.4,6.6,2021
2021-06,69.6,3537.7,8.8,65.7,4340.5,6.6,65.5,31283.5,7.9,66.8,1050.5,7.6,61.8,649.8,10.1,57.7,444.9,12.8,62.1,819.6,8.8,65.1,12324.0,8.7,67.2,133.7,12.5,64.7,7093.7,6.2,68.0,889.1,7.0,2021
2021-07,69.3,3540.8,8.4,65.7,4347.5,6.4,65.5,31315.4,7.4,66.8,1051.4,6.1,61.6,650.3,9.5,58.0,445.0,13.2,62.5,820.5,8.5,65.4,12338.8,7.9,67.1,133.9,11.0,64.5,7097.9,6.2,67.6,889.5,6.9,2021
2021-08,69.6,3545.3,8.0,65.7,4357.7,6.4,65.5,31356.8,7.1,66.2,1052.3,5.7,60.8,651.2,9.6,57.8,445.2,13.2,62.2,822.3,8.1,65.4,12354.7,7.7,66.4,134.7,10.7,64.2,7103.4,5.7,68.4,889.9,6.7,2021
2021-09,70.3,3550.2,7.8,65.6,4367.1,6.2,65.9,31391.6,7.0,67.3,1052.4,5.8,61.6,652.3,9.6,58.0,445.4,14.0,62.5,824.1,7.9,65.9,12367.7,7.4,66.7,135.2,11.3,64.6,7107.4,5.9,68.4,889.9,6.5,2021
2021-10,69.6,3556.0,7.7,65.1,4375.6,5.7,65.6,31430.0,6.5,66.8,1052.8,5.0,61.6,653.2,9.3,57.7,445.5,13.6,62.2,825.4,8.0,65.7,12383.8,6.7,65.6,135.6,9.4,64.4,7112.1,5.3,67.6,890.0,6.0,2021
2021-11,69.8,3562.0,7.4,65.4,4383.8,5.7,65.7,31466.2,6.1,66.9,1053.2,5.1,61.3,653.9,8.4,57.5,445.7,11.1,62.6,826.6,8.7,65.9,12399.2,6.5,66.9,135.9,8.9,64.4,7115.9,4.5,67.0,890.1,5.4,2021
2021-12,70.1,3568.1,6.9,64.9,4391.3,5.3,65.8,31510.1,5.9,67.2,1054.3,5.2,60.4,654.9,7.5,57.6,446.0,12.1,61.9,828.4,7.6,66.2,12419.9,6.3,67.3,136.4,8.4,64.4,7119.9,4.6,67.7,890.9,5.5,2021
2022-01,69.9,3573.9,6.8,64.8,4396.3,5.1,65.4,31546.7,6.5,67.2,1055.7,4.9,60.2,656.3,8.3,58.2,446.4,13.6,61.7,830.0,7.1,65.5,12436.1,7.5,66.4,136.8,9.4,63.8,7123.5,5.0,68.0,891.8,5.5,2022
2022-02,70.2,3580.2,6.5,65.2,4403.5,4.7,65.7,31588.8,5.5,67.3,1057.1,4.5,60.2,657.6,7.5,59.2,446.7,12.9,61.8,831.6,6.5,65.7,12454.9,5.7,67.2,137.2,9.3,64.4,7127.0,4.4,68.2,893.0,4.7,2022
2022-03,69.8,3586.6,6.2,65.3,4409.8,5.0,65.6,31626.8,5.4,66.7,1058.9,4.7,60.4,658.7,7.3,59.2,447.0,13.3,61.7,833.2,6.9,65.6,12469.2,5.5,67.2,137.6,8.8,64.5,7131.7,4.2,68.0,894.2,4.9,2022
2022-04,70.1,3593.3,6.1,65.3,4415.1,4.8,65.7,31662.9,5.3,66.9,1060.4,4.8,60.8,659.7,6.8,58.1,447.2,11.5,61.9,834.6,6.0,65.8,12482.0,5.6,66.0,138.1,8.0,64.4,7136.7,4.4,68.5,895.7,5.3,2022
2022-05,70.1,3601.7,5.8,65.2,4421.1,4.5,65.7,31705.7,5.2,66.6,1061.8,4.5,60.7,661.3,7.3,58.4,447.7,10.3,62.3,836.8,6.9,65.7,12495.6,5.4,66.7,138.7,7.8,64.4,7143.9,4.4,68.2,897.2,4.7,2022
2022-06,69.9,3609.0,5.2,65.1,4426.2,4.5,65.3,31745.3,5.0,66.4,1063.2,4.1,60.5,662.6,6.5,57.9,448.1,10.0,61.9,838.6,6.5,65.3,12508.5,5.2,66.1,139.2,6.0,64.1,7151.2,4.4,67.9,898.7,4.0,2022
2022-07,69.4,3616.8,4.9,65.2,4430.2,4.5,65.3,31782.4,4.8,66.3,1064.4,3.9,60.9,664.3,7.4,58.1,448.6,10.5,61.6,841.0,6.5,65.3,12519.3,5.1,64.8,139.7,6.3,64.0,7157.8,4.1,67.6,900.4,4.1,2022
2022-08,69.6,3627.7,5.5,65.0,4435.0,4.6,65.4,31831.9,5.2,66.3,1065.9,5.0,60.9,666.6,7.0,58.4,449.1,10.8,62.1,844.0,7.6,65.4,12535.1,5.5,65.5,140.1,7.2,64.4,7165.7,4.4,67.8,902.6,4.5,2022
2022-09,69.4,3637.7,5.4,65.1,4438.3,4.4,65.2,31875.6,5.1,66.7,1067.3,4.7,60.7,668.5,6.7,57.9,449.5,10.1,61.4,846.2,6.2,65.1,12549.8,5.5,63.9,140.4,8.5,64.4,7173.5,4.4,67.1,904.4,4.3,2022
2022-10,69.4,3648.8,5.4,65.2,4442.8,4.6,65.4,31927.0,5.1,67.0,1069.1,4.6,61.1,670.0,7.4,58.3,449.9,10.5,61.6,848.0,6.7,65.3,12569.7,5.5,64.6,140.7,6.1,64.4,7181.6,4.0,67.7,906.4,5.0,2022
2022-11,69.6,3657.1,5.7,64.8,4444.7,4.4,65.4,31964.3,5.1,66.6,1070.1,4.2,60.2,671.4,6.9,58.3,450.3,10.5,61.5,849.1,5.7,65.3,12585.0,5.6,63.4,140.8,7.1,64.6,7187.5,3.9,67.3,908.1,4.4,2022
2022-12,69.7,3666.2,5.6,64.8,4448.1,4.2,65.4,32007.3,5.0,66.7,1071.6,4.5,60.9,672.5,7.4,58.3,450.8,9.8,61.8,850.1,6.3,65.4,12601.7,5.3,63.6,141.0,5.7,64.7,7195.2,4.1,67.1,910.1,4.4,2022
2024-05,69.4,3908.6,7.2,65.3,4646.6,5.6,65.4,33461.8,6.2,66.7,1121.9,4.9,61.1,703.3,7.5,58.4,460.6,9.9,62.0,886.9,6.4,65.2,13230.3,6.7,65.7,150.0,7.1,64.5,7405.9,5.1,67.5,947.6,5.6,2023
2023-01,70.2,3678.4,6.0,65.0,4455.2,4.5,65.7,32070.4,5.0,66.6,1073.3,4.3,60.5,674.3,7.0,58.7,451.4,11.4,61.9,851.7,5.4,65.6,12628.2,5.2,64.5,141.5,7.5,65.1,7204.5,4.0,67.3,912.0,4.3,2023
2023-02,70.0,3689.2,5.9,65.4,4463.4,5.0,65.7,32130.5,5.1,67.0,1075.4,4.6,60.6,675.6,6.2,58.2,452.1,10.2,61.7,853.5,5.8,65.6,12653.8,5.2,65.0,142.1,7.0,65.0,7211.7,4.1,67.4,913.7,4.5,2023
2023-03,70.0,3703.1,5.7,64.9,4476.3,4.6,65.7,32211.3,5.1,67.3,1078.9,4.7,60.4,677.1,5.9,58.3,453.0,10.4,61.4,855.5,5.5,65.6,12687.0,5.3,65.6,142.6,6.7,65.0,7221.3,4.3,67.2,916.4,4.7,2023
2023-04,69.9,3716.6,5.9,65.2,4488.1,5.1,65.7,32283.3,5.1,66.9,1081.8,4.9,60.4,678.4,6.4,58.0,453.6,9.8,61.8,857.3,6.4,65.5,12716.7,5.1,66.8,143.3,7.2,65.1,7228.9,4.2,67.1,918.5,4.7,2023
2023-05,69.7,3732.7,5.7,65.3,4500.1,5.2,65.6,32365.8,5.3,67.5,1084.2,4.9,60.5,680.4,6.3,57.3,454.3,10.3,61.0,860.2,5.9,65.6,12749.7,5.6,66.7,144.0,7.2,64.8,7239.5,4.1,66.6,920.7,4.4,2023
2023-06,69.6,3748.3,5.8,65.2,4513.2,5.5,65.7,32449.4,5.4,67.1,1087.1,4.6,60.4,682.4,6.8,57.0,455.0,8.8,61.5,862.6,6.6,65.9,12784.4,5.7,65.8,144.5,8.4,65.0,7248.9,4.5,67.2,922.9,4.9,2023
2023-07,69.8,3764.0,6.0,65.0,4524.2,5.4,65.6,32531.3,5.5,66.8,1089.4,5.0,60.6,684.5,6.4,57.2,455.7,8.9,62.1,865.4,7.7,65.6,12818.5,5.7,66.3,145.0,8.1,64.8,7259.6,4.5,66.8,925.0,5.1,2023
2023-08,69.7,3781.4,5.7,65.0,4537.4,5.3,65.6,32634.2,5.5,67.0,1093.2,5.5,61.3,686.8,7.6,57.1,456.5,8.8,61.0,867.7,7.0,65.6,12863.5,6.0,67.1,145.6,7.9,64.8,7273.6,4.4,66.9,928.5,5.3,2023
2023-09,68.5,3794.5,5.5,65.4,4548.0,5.5,65.6,32716.3,5.6,67.4,1095.7,5.2,60.6,688.2,7.3,57.4,456.8,9.6,61.3,869.7,7.0,65.7,12899.7,6.0,67.5,146.0,6.6,65.1,7287.3,4.5,67.3,930.3,4.9,2023
2023-10,69.3,3808.2,5.9,65.2,4557.3,5.3,65.6,32800.9,5.7,67.2,1098.3,5.1,60.5,689.8,6.7,57.5,457.3,9.9,61.8,871.6,6.5,65.5,12936.5,6.2,67.0,146.4,6.3,65.1,7303.2,5.0,67.7,932.4,4.4,2023
2023-11,69.5,3821.9,5.9,65.2,4567.0,5.3,65.6,32878.6,5.8,67.0,1100.9,4.8,60.4,690.8,6.3,57.3,457.7,10.0,61.7,873.4,6.6,65.3,12971.4,6.1,67.3,146.8,7.7,65.2,7314.5,5.2,68.1,934.2,5.0,2023
2023-12,69.7,3833.8,6.3,65.7,4576.3,5.5,65.5,32952.8,5.8,66.5,1103.4,4.2,60.2,692.3,6.3,58.0,458.1,10.5,61.7,875.1,5.9,64.9,13005.9,6.3,68.0,147.0,8.1,64.9,7325.1,4.7,68.3,935.7,5.0,2023
2024-01,70.5,3269.3,4.8,65.3,3949.4,5.1,65.7,28275.7,4.8,66.7,929.2,3.3,60.0,603.7,6.0,58.9,401.4,10.0,61.6,759.4,5.9,66.1,11058.5,5.2,66.2,123.4,6.9,63.7,6387.1,3.9,68.6,794.3,3.9,2024
2024-02,69.8,3864.1,6.2,65.0,4605.9,5.2,65.3,33161.7,5.8,66.4,1111.1,4.5,60.6,696.6,6.9,59.1,459.4,10.2,62.6,880.6,6.0,64.9,13100.2,6.5,66.7,148.3,7.0,64.7,7354.9,4.7,67.5,940.6,5.0,2024
2024-03,69.5,3877.0,6.3,65.3,4618.7,5.5,65.3,33252.4,6.1,66.1,1114.3,5.0,60.7,698.5,7.8,58.9,459.8,10.1,62.4,882.4,6.2,65.0,13140.1,6.7,66.7,148.8,7.4,64.5,7370.1,5.0,66.9,942.8,5.4,2024
2024-04,70.1,3893.3,7.0,65.2,4633.6,5.0,65.4,33364.2,6.1,66.3,1118.2,5.1,61.2,700.9,7.0,58.4,460.2,9.1,62.1,884.4,6.1,65.0,13189.4,6.8,66.5,149.4,6.8,64.7,7389.5,5.1,67.1,945.3,5.7,2024
2024-05,69.4,3908.6,7.2,65.3,4646.6,5.6,65.4,33461.8,6.2,66.7,1121.9,4.9,61.1,703.3,7.5,58.4,460.6,9.9,62.0,886.9,6.4,65.2,13230.3,6.7,65.7,150.0,7.1,64.5,7405.9,5.1,67.5,947.6,5.6,2024
2024-06,69.3,3924.8,7.1,64.6,4660.1,5.2,65.3,33560.5,6.4,66.9,1125.6,5.1,61.4,705.8,7.7,58.4,460.9,9.2,61.7,889.4,6.6,65.3,13269.9,7.0,66.5,150.6,8.0,64.5,7423.0,5.7,67.3,950.1,5.5,2024
2024-07,68.9,3943.8,7.1,64.4,4676.9,5.5,65.0,33685.9,6.4,66.5,1130.3,5.7,60.9,708.4,7.2,58.4,461.4,9.6,61.2,892.0,7.0,65.0,13324.2,6.7,66.6,151.2,8.9,64.2,7444.3,5.7,67.7,953.2,5.4,2024
2024-08,69.4,3957.5,7.7,64.2,4689.9,5.8,65.1,33782.3,6.6,66.8,1133.9,5.8,60.6,710.2,6.5,58.3,461.8,10.4,61.5,894.0,6.7,65.0,13366.8,7.1,66.5,151.7,8.2,64.2,7460.8,5.7,67.3,955.7,5.4,2024
2024-09,68.8,3975.7,7.5,63.8,4704.7,6.0,64.9,33892.3,6.5,66.9,1137.8,5.7,60.0,711.7,6.7,58.1,462.4,10.0,61.5,896.1,6.3,65.0,13413.7,6.9,65.9,152.2,7.1,64.3,7479.3,5.5,67.5,958.6,5.7,2024
2024-10,68.8,3990.1,7.3,63.7,4714.9,5.8,64.8,33977.5,6.5,66.8,1140.4,5.9,60.4,712.7,6.8,58.2,462.9,10.1,61.1,897.4,6.2,64.6,13453.0,6.8,67.2,152.4,10.0,64.4,7493.0,5.7,67.3,960.7,6.0,2024
2024-11,69.3,4003.5,7.5,63.6,4725.0,5.7,65.1,34057.6,6.8,67.2,1142.7,5.8,60.3,713.6,6.9,58.1,463.3,10.8,61.0,898.4,6.1,65.0,13490.7,7.6,67.5,152.6,8.0,64.7,7505.2,5.9,67.1,962.5,5.6,2024
